seed,level,entropy
1000,,67317377.96489011
1000,0.0,67317377.96489014
1000,1.0,1799073.33476983
1000,2.0,60979.976110720985
1000,3.0,2273.418783681276
1000,4.0,118.1289540426884
1000,5.0,33.60517942905426
1000,6.0,0.0
1000,7.0,0.0
1001,,67351390.64232467
1001,0.0,67351390.64232472
1001,1.0,1513937.9600973453
1001,2.0,57600.05691725532
1001,3.0,1972.7951024731394
1001,4.0,118.1289540426884
1001,5.0,33.60517942905426
1001,6.0,0.0
1001,7.0,0.0
1002,,67462251.90942253
1002,0.0,67462251.90942246
1002,1.0,2021467.0848762358
1002,2.0,65728.92782131593
1002,3.0,2676.369958865714
1002,4.0,148.80739460611744
1002,5.0,33.60517942905426
1002,6.0,0.0
1002,7.0,0.0
1003,,66917015.060912356
1003,0.0,66917015.06091235
1003,1.0,7160929.827632542
1003,2.0,291062.8296864088
1003,3.0,8808.497900352062
1003,4.0,433.217153459485
1003,5.0,33.60517942905426
1003,6.0,0.0
1003,7.0,0.0
1004,,67350715.54265304
1004,0.0,67350715.54265302
1004,1.0,1985360.6254865117
1004,2.0,151643.29331516344
1004,3.0,7501.9804876220915
1004,4.0,251.70092198230478
1004,5.0,33.60517942905426
1004,6.0,0.0
1004,7.0,0.0
