1000,D,3,Macro
1000,D,5,Game Theory
1000,D,8,Trade
1000,D,11,French
1000,D,14,Applied Micro
1000,D,17,Labour
1000,D,20,Industrial Organization
1000,D,24,Macro Econometrics
1001,D,4,Applied Micro
1001,D,7,Industrial Organization
1001,D,8,Macro 1
1001,D,13,Macro 2
1001,D,16,Labour
1001,D,18,Macro Econometrics
1001,D,19,Game Theory – Auctions
1001,D,21,Game Theory – Elections
1001,D,22,Econometrics
1001,D,23,Trade
1001,D,26,Game Theory -  Theory
1002,D,2,Applied Micro
1002,D,8,Trade
1002,D,9,Labour
1002,D,10,Macro
1002,D,11,Game Theory – Theory
1002,D,12,French
1002,D,13,Game Theory – Auctions
1002,D,18,Maths
1002,D,20,Cars
1002,D,27,Econometrics
1003,D,1,Econometrics
1003,D,3,Urban
1003,D,4,Trade 1
1003,D,5,Game Theory -  Innovation
1003,D,8,Game Theory
1003,D,12,Labour
1003,D,13,Applied Micro
1003,D,15,Game Theory – Theory
1003,D,16,Macro 1
1003,D,23,Elections
1003,D,25,Macro Econometrics
1003,D,29,Macro 2
1003,D,36,Trade 2
1003,D,39,Bank
1003,D,42,Education
1003,D,49,French
1003,D,50,Game Theory – Experimental
1003,D,57,Pensions
1003,D,59,Macro Econometrics
1003,D,63,Macro – War
1003,D,64,Trade
1004,D,4,Urban
1004,D,8,Game Theory
1004,D,10,Maths
1004,D,11,Econometrics
1004,D,12,Applied Micro
1004,D,14,Trade
1004,D,18,Applied Micro
1004,D,19,Applied Micro
1004,D,21,Macro
1004,D,23,Game Theory
1004,D,24,Trade
1004,D,25,Labour
1004,D,29,Game Theory
1004,D,31,Houses
1004,D,34,Elections
1004,D,36,Trade – War
1004,D,39,Trade
1004,D,41,Industrial Organization
1004,D,42,Applied Micro
1004,D,45,Macro
1001,W,1,Elections
1001,W,2,Names
1001,W,3,Applied Micro 1
1001,W,5,Anti-Trust
1001,W,6,Labour
1001,W,9,Credit
1001,W,10,Development
1001,W,11,Game Theory 1
1001,W,12,Game Theory 2
1001,W,14,Banking
1001,W,15,Crisis
1001,W,17,Applied Micro 2
1001,W,20,Maths
1001,W,24,Industrial Organization
1001,W,25,Stopwords
