,BestLevel,Benchmark,BenchmarkLevel,BestNDGroups,BestNWGroups,BenchmarkNDGroups,BenchmarkNWGroups,MIDModel,MIDRandom,MIWModel,MIWRandom,NormDModel,NormDRandom,NormWModel,NormWRandom,EDModel,EDRandom,EWModel,EWRandom
0,0,0,0,6657,2629,4726,2162,6.549842164567143,6.588899464227179,0.5111852473511869,0.0,10.153455746151147,10.197173535109814,6.749264446664568,7.25479441980641,6.440195961966471,6.588775066851604,3.138998196239113,3.853932704805258
1,0,0,1,6657,2629,568,882,4.421278380972625,4.537348085609115,0.38855262413206115,0.0,10.117995969081115,10.19761227275377,5.8685947413706225,6.806495947171611,4.107725526433885,4.537147336535103,1.9169394768466683,3.1941676928411744
2,0,0,2,6657,2629,48,247,2.4215597249696126,2.1520742925553344,0.2594958194575374,0.0,10.164575986451329,10.19215505172392,5.094728361411843,6.1700938443159,1.9168025443596157,2.152759575914361,1.0577714683414887,2.20463657323055
3,0,0,3,6657,2629,7,29,1.0535867185270493,0.6436015057585023,0.14747156423835922,0.000466112254846764,10.119155063328023,10.152624151983883,4.334455650567196,5.099047461952572,0.5511749692413661,0.6382633039529464,0.3769027427822599,0.822652541610297
4,0,0,4,6657,2629,3,7,0.14048536085450067,0.24054915579263503,0.031112637111684237,0.003346025867658158,8.919648073449924,10.064077302569286,3.9837680666637016,4.388355992844566,0.10811186210188371,0.23882668664129375,0.13563373314067748,0.2631557251888326
5,0,0,5,6657,2629,2,2,0.11617724886850361,0.116962620763958,0.007872275269619304,0.00043773620130217717,8.939490281196301,9.948227310150653,3.4711364700018277,3.7619754030300117,0.08482819742878323,0.11916898082573,0.02519403955218119,0.04439027496345039
6,0,0,6,6657,2629,1,2,0.0,0.0,0.007872275269619304,0.0005518628481449202,,,3.4711364700018277,3.7619761005660624,0.0,0.0,0.02519403955218119,0.04439026307651203
7,0,0,7,6657,2629,1,1,0.0,0.0,0.0,0.0,,,3.415402523764344,3.415402523764344,0.0,0.0,0.0,0.0
8,0,0,8,6657,2629,1,1,0.0,0.0,0.0,0.0,,,3.415402523764344,3.415402523764344,0.0,0.0,0.0,0.0
9,0,1,0,6657,2629,6258,2385,6.828917248115004,6.843178946397206,0.5058006116733336,0.0,10.160394834090756,10.198738612910843,6.797714793272191,7.3038773459656,6.753424901342994,6.843450777943198,3.2138563997528817,4.028146139488835
10,0,1,1,6657,2629,862,982,4.75032574119026,4.94714887371187,0.3628676993389152,0.0,10.107106845503,10.19985095845604,5.987313648885525,6.860195932662977,4.514795005815223,4.947346842573279,2.0694589083670727,3.273645350210545
11,0,1,2,6657,2629,82,250,2.766915241519669,2.6520960255321047,0.23266840530849542,0.0,10.17984107661423,10.194943725241938,5.06676900723111,6.176130833071955,2.336494798391541,2.653060197330681,1.0563911516949356,2.2135159892365435
12,0,1,3,6657,2629,11,43,1.3149977256887873,0.9316075340236578,0.14681208462407375,0.004059772624220734,10.225242908384377,10.172766621138262,4.339723645767308,5.2959998240439,0.8346703270319487,0.9318792024192065,0.42961578288115065,1.0359821617559017
13,0,1,4,6657,2629,2,6,0.3238899166493456,0.12251573566360038,0.05673405099488616,0.0033504366093745582,10.172251968844709,9.946779019007096,4.017037496678229,4.311280792213536,0.11510582184436885,0.11916896688949308,0.14810457185225756,0.2233625870030932
14,0,1,5,6657,2629,1,1,0.0,0.0,0.0,0.0,,,3.415402523764344,3.415402523764344,0.0,0.0,0.0,0.0
15,0,1,6,6657,2629,1,1,0.0,0.0,0.0,0.0,,,3.415402523764344,3.415402523764344,0.0,0.0,0.0,0.0
16,0,2,0,6657,2629,5387,2202,6.678591897415405,6.708450185758675,0.5088891294778335,0.0,10.153097261056498,10.197862237239207,6.7625525068340275,7.263960723640698,6.583737336122189,6.70838074830157,3.1626934613964153,3.925235807583029
17,0,2,1,6657,2629,426,490,4.263395177976081,4.255162531528959,0.4329901546599065,0.0,10.126243583384252,10.19707441007272,6.06296938378434,6.512603051265646,3.9460904440958786,4.254806492676621,2.1248355046208096,2.729423556008422
18,0,2,2,6657,2629,35,59,2.2502471104058057,1.8687695494893395,0.2693591942074792,4.2044827193838796e-05,10.153023880930476,10.190090501270063,5.031339550396748,5.454168886605751,1.7220237021798814,1.8677176690960327,0.8553264640120808,1.223101837231744
19,0,2,3,6657,2629,3,5,0.41230385465876185,0.238238894318315,0.06169215750704979,0.00397232832627718,10.044844189918855,10.065567459279503,4.073460152803599,4.220118932958041,0.21143341972848362,0.23882590453398314,0.15770011412738533,0.1813942117392922
20,0,2,4,6657,2629,1,1,0.0,0.0,0.0,0.0,,,3.415402523764344,3.415402523764344,0.0,0.0,0.0,0.0
21,0,2,5,6657,2629,1,1,0.0,0.0,0.0,0.0,,,3.415402523764344,3.415402523764344,0.0,0.0,0.0,0.0
22,0,3,0,6657,2629,6657,2629,8.62654648789362,6.896056261943096,0.4962485054428342,0.0,10.158962621960358,10.198279464556837,6.830805047528688,7.3525793695668895,6.823643214223158,6.896003725733906,3.2519568728406165,3.9343306990727043
23,0,3,1,6657,2629,932,1150,6.445616156422544,5.0244654618603395,0.3811612637973905,0.0,10.12119693090707,10.199469504576285,6.073440757682864,6.9391588126526695,4.653021418960429,5.024858988581339,2.1803502421423993,3.401861866615987
24,0,3,2,6657,2629,112,371,4.258707360898056,2.9518494605287007,0.21316746421103186,0.0,10.14721821832324,10.196473296617812,5.278009141857559,6.373501225383745,2.5309039399165387,2.950891574106118,1.2902428582783743,2.5129667674821343
25,0,3,3,6657,2629,11,33,2.1377751172560755,0.928797084412134,0.18670299734255102,0.004055335606156972,10.207282503982873,10.17159446244067,4.585628705589238,5.16365418739921,0.7934730365874265,0.9319580768003515,0.5219705151537953,0.8900865904941002
26,0,3,4,6657,2629,2,4,0.07200560460686103,0.1199987160295658,0.01188384395661278,0.0038803918357652343,8.146180332478503,9.947548022412159,3.757602917104985,4.108546520575835,0.03623343233931749,0.1191689791352148,0.06862092180342137,0.13724371997062154
27,0,3,5,6657,2629,2,1,0.07200560460686103,0.117414029022852,0.0,0.0,8.146180332478503,9.946630998046249,3.415402523764344,3.415402523764344,0.03623343233931749,0.11916896327060225,0.0,0.0
28,0,3,6,6657,2629,1,1,0.0,0.0,0.0,0.0,,,3.415402523764344,3.415402523764344,0.0,0.0,0.0,0.0
29,0,3,7,6657,2629,1,1,0.0,0.0,0.0,0.0,,,3.415402523764344,3.415402523764344,0.0,0.0,0.0,0.0
30,0,4,0,6657,2629,6559,2456,6.878241067804818,6.885304642843274,0.504317979314155,0.0,10.161462693101969,10.197957890684984,6.807613075522143,7.318544702495865,6.810345343510498,6.885013239581274,3.226084330536591,3.9137776825302972
31,0,4,1,6657,2629,249,413,3.786602220516792,3.728725003295484,0.39573403277441066,0.0,10.149726854066689,10.196737021566886,5.87889068026338,6.427123647821801,3.41359113187174,3.7272039221051596,1.8808009248880422,2.5945745515312866
32,0,4,2,6657,2629,20,39,1.8557432347107679,1.3918940452935074,0.2037138633577701,0.002610707212275729,10.143157242764996,10.185131083064284,4.787954808000732,5.247180934058689,1.2823833353597052,1.3888500224232052,0.6427027276708329,0.9810090832466999
33,0,4,3,6657,2629,2,6,0.2484473405748666,0.12057220760254612,0.06568457184333817,0.0035238343750533213,9.531592679664538,9.948286335059233,3.92578464742426,4.311280865427982,0.11512712066781214,0.11916898056459865,0.14000220672899272,0.22336259055981605
34,0,4,4,6657,2629,1,2,0.0,0.0,0.006061021835565092,0.0004523443301248718,,,3.4467206008263016,3.7619748043730494,0.0,0.0,0.01735154323088319,0.04439028492047899
35,0,4,5,6657,2629,1,1,0.0,0.0,0.0,0.0,,,3.415402523764344,3.415402523764344,0.0,0.0,0.0,0.0
36,0,4,6,6657,2629,1,1,0.0,0.0,0.0,0.0,,,3.415402523764344,3.415402523764344,0.0,0.0,0.0,0.0
37,1,0,0,932,1150,4726,2162,4.5910411120174235,4.416009341393515,0.40262383134897206,0.0,10.11569005509786,10.161406864865114,5.991900156818743,6.497430299353522,4.275813991627085,4.416094343206474,2.0693034320529375,2.588226772475936
38,1,0,1,932,1150,568,882,2.8961503789941614,2.447392385989449,0.2136463938913465,0.0,10.080230278027827,10.160193950647272,5.111230451524799,6.0491316613856,2.1243060886957608,2.4495130969840933,1.159320822695256,1.9710752924887824
39,1,0,2,932,1150,48,247,1.490490516871027,0.6336178574639628,0.15157345720614368,0.0,10.126810295398041,10.15448051251456,4.337364071566017,5.412729876198167,0.5519919263575092,0.6344203149827425,0.5917719606815313,1.209419542980394
40,1,0,3,932,1150,7,29,0.6600516502120901,0.09112106147712395,0.07794447849697206,0.0012146530328354956,10.081389372274735,10.116028293524096,3.5770913607213712,4.341682912230446,0.08523284893310852,0.09020516963436707,0.18398718394305016,0.38720766922023553
41,1,0,4,932,1150,3,7,0.0585610630107196,0.027958936504655058,0.015426158085150684,0.0016600356288082874,8.881882382396636,10.024217556240139,3.2264037768178766,3.6309927221441245,0.02587271372940119,0.028652921589419022,0.06278642064483858,0.11457807720208428
42,1,0,5,932,1150,2,2,0.04380727613080401,0.01447273809289732,0.005705245151130691,0.00024164853055681166,8.901724590143013,9.910107323245516,2.7137721801560026,3.0046090251448345,0.015367705208327732,0.014143948203310896,0.012095999592257371,0.01901152352971094
43,1,0,6,932,1150,1,2,0.0,0.0,0.005705245151130691,0.00021703424076741795,,,2.7137721801560026,3.0046110390907668,0.0,0.0,0.012095999592257371,0.019011510961993206
44,1,0,7,932,1150,1,1,0.0,0.0,0.0,0.0,,,2.658038233918519,2.658038233918519,0.0,0.0,0.0,0.0
45,1,0,8,932,1150,1,1,0.0,0.0,0.0,0.0,,,2.658038233918519,2.658038233918519,0.0,0.0,0.0,0.0
46,1,1,0,932,1150,6258,2385,4.822109713196602,4.670680733822198,0.3955500921503958,0.0,10.122629143037468,10.159541094492717,6.040350503426366,6.5465129620751,4.583754227093785,4.669601375565695,2.1394251297899554,2.7211505211521017
47,1,1,1,932,1150,862,982,3.129071529578295,2.831396453554702,0.21646655224654954,0.0,10.069341154449713,10.159239033969072,5.229949359039701,6.102831196393537,2.4804845119959604,2.830262959639801,1.268434599850206,2.041373846602652
48,1,1,2,932,1150,82,250,1.6932350635576539,0.9340054296033322,0.14621754569703105,0.0,10.142075385560942,10.157108296696705,4.309404717385284,5.418765826404361,0.7859994587824418,0.9336988638736623,0.5984661775242858,1.2156635314618394
49,1,1,3,932,1150,11,43,0.783994914834587,0.15474876467419593,0.08657444562184854,0.0005362078324214368,10.18747721733109,10.134544739851089,3.5823593559214832,4.538635650612528,0.14531342145169085,0.15391959123712368,0.2171441370756745,0.4996988587642866
50,1,1,4,932,1150,2,6,0.23021551396039444,0.014140926682218323,0.02565491858756551,0.0008951453827525992,10.13448627779142,9.909013327953808,3.259673206832405,3.553916826567426,0.014507933713773333,0.014143952706179307,0.0666363098313297,0.09665933204601178
51,1,1,5,932,1150,1,1,0.0,0.0,0.0,0.0,,,2.658038233918519,2.658038233918519,0.0,0.0,0.0,0.0
52,1,1,6,932,1150,1,1,0.0,0.0,0.0,0.0,,,2.658038233918519,2.658038233918519,0.0,0.0,0.0,0.0
53,1,2,0,932,1150,5387,2202,4.699422706736408,4.538140662002985,0.4005030310703245,0.0,10.11533157000321,10.15986149330538,6.005188216988204,6.506596453507235,4.4168041715369135,4.536998008013267,2.0897175812696265,2.636112559201254
54,1,2,1,932,1150,426,490,2.79575696844611,2.195427438336422,0.24603302014252465,0.0,10.088477892330964,10.159682081632504,5.3056050939385155,5.755238279080512,1.9586776499120508,2.1946799621677218,1.2282147947029745,1.5921721028308555
55,1,2,2,932,1150,35,59,1.408593486874718,0.4905988407410035,0.1300605006735341,0.0012219406018617862,10.115258189877188,10.153028958901048,4.273975260550923,4.696804260500738,0.4522815991179131,0.4895500276748074,0.42747514140319826,0.6022102200757131
56,1,2,3,932,1150,3,5,0.2124586860923864,0.028147152600863923,0.026099368817775567,0.001123959605760536,10.007078498865567,10.029111725558133,3.316095862957774,3.4627542937322433,0.029542559592892436,0.02865307203205666,0.0696338273728895,0.07802833047267047
57,1,2,4,932,1150,1,1,0.0,0.0,0.0,0.0,,,2.658038233918519,2.658038233918519,0.0,0.0,0.0,0.0
58,1,2,5,932,1150,1,1,0.0,0.0,0.0,0.0,,,2.658038233918519,2.658038233918519,0.0,0.0,0.0,0.0
59,1,3,0,932,1150,6657,2629,6.445616156422543,4.727292573186068,0.38116126379739046,0.0,10.12119693090707,10.160422143198765,6.073440757682864,6.595215189162589,4.653021418895354,4.727174264583666,2.1803502421341565,2.6919379460542006
60,1,3,1,932,1150,932,1150,6.445616156422543,2.9023893741362627,0.2220427304574925,0.0,10.083431239853782,10.159422577884357,5.316076467837039,6.1817942231696605,2.591170359482316,2.9012030030398877,1.3497529852102206,2.153179924603857
61,1,3,2,932,1150,112,371,4.258707360898054,1.1388698484040007,0.15584249540337047,0.0,10.109452527269951,10.156735538760149,4.520644852011735,5.616136853302889,0.9134202617979745,1.137190018121242,0.7547824185920207,1.4290708315309215
62,1,3,3,932,1150,11,33,2.1377751172560755,0.15416260839615653,0.10008522095775219,0.0020587625985100857,10.169516812929585,10.134298902509636,3.8282644157434147,4.406289362122018,0.1398771707357692,0.1539201277104799,0.255124733551285,0.422297976524564
63,1,3,4,932,1150,2,4,0.07200560460686113,0.014435316789005032,0.00715724628916881,0.0015972170069405713,8.108414641425215,9.914108050597296,3.00023862725916,3.351183817180195,0.011997907412826811,0.014143992577617611,0.03125690602559912,0.0587308500383383
64,1,3,5,932,1150,2,1,0.07200560460686113,0.01411419870676775,0.0,0.0,8.108414641425215,9.91583375355931,2.658038233918519,2.658038233918519,0.011997907412826811,0.0141440416275404,0.0,0.0
65,1,3,6,932,1150,1,1,0.0,0.0,0.0,0.0,,,2.658038233918519,2.658038233918519,0.0,0.0,0.0,0.0
66,1,3,7,932,1150,1,1,0.0,0.0,0.0,0.0,,,2.658038233918519,2.658038233918519,0.0,0.0,0.0,0.0
67,1,4,0,932,1150,6559,2456,4.852695597272168,4.714881768944711,0.3918613295853914,0.0,10.123697002048681,10.159664723542527,6.050248785676317,6.561180444632971,4.639838278719166,4.715081884094527,2.1523254531057625,2.6603862130731377
68,1,4,1,932,1150,249,413,2.4458362754769727,1.7385598599081942,0.21630943798519464,0.0,10.111961163013401,10.159832987618481,5.121526390417555,5.669759658097446,1.5293316824601606,1.7395220863899308,1.0729435784932084,1.4901921825951456
69,1,4,2,932,1150,20,39,1.1728581600783898,0.29281838735785964,0.10432168886698732,0.0014574080305220576,10.105391551711708,10.146440819754895,4.030590518154907,4.489816287650228,0.27743296675977175,0.2912373400974188,0.31492169011845506,0.47027200227082855
70,1,4,3,932,1150,2,6,0.12456449558825287,0.013537173867602215,0.029300059794060546,0.0010374923699015938,9.49382698861125,9.906282702622565,3.168420357578435,3.5539169054829656,0.014506622774240412,0.014143994635812363,0.06331363784165314,0.09665933724294884
71,1,4,4,932,1150,1,2,0.0,0.0,0.005047960475139253,0.000241342303874819,,,2.689356310980477,3.0046083573955933,0.0,0.0,0.00873956113049039,0.019011528196408084
72,1,4,5,932,1150,1,1,0.0,0.0,0.0,0.0,,,2.658038233918519,2.658038233918519,0.0,0.0,0.0,0.0
73,1,4,6,932,1150,1,1,0.0,0.0,0.0,0.0,,,2.658038233918519,2.658038233918519,0.0,0.0,0.0,0.0
74,2,0,0,112,371,4726,2162,2.7561949416428364,2.308228963849218,0.19750237430522624,0.0,10.141711342514029,10.186094479783957,5.19646854099344,5.701998693153604,2.190172958977344,2.305827351838253,1.209289391638744,1.503494015313143
75,2,0,1,112,371,568,882,1.6632976242579425,0.7450120898974109,0.14414456529549705,0.0,10.106251565443998,10.185931355132595,4.3157988356994945,5.2537003175123465,0.6494877982186988,0.7441389311797637,0.6368535369199009,1.108872549380829
76,2,0,2,112,371,48,247,0.9859242036703808,0.0794813400839719,0.0978586058395291,5.439023810191717e-05,10.152831582814212,10.180221974603485,3.5419324557407146,4.6172983907867815,0.07660697177622931,0.0792703733035617,0.30334990431790426,0.6446172929249433
77,2,0,3,112,371,7,29,0.5115454065297043,0.011434579226066619,0.03844715030152328,0.0015011968258622106,10.107410659690904,10.141655600623679,2.781659744896068,3.546252376020525,0.010081519189631414,0.010130895556578784,0.07820863512548017,0.1531764375991816
78,2,0,4,112,371,3,7,0.02689156664822685,0.0027381741801684933,0.008198833616874629,0.00042953105419883783,8.907903669812805,10.048833665895309,2.4309721609925736,2.835559498196301,0.0033576239446180514,0.0033224703701225634,0.024070046519522725,0.036189447606022926
79,2,0,5,112,371,2,2,0.021827449082836098,0.001702380138076505,0.0029185123024153448,3.876420357588461e-05,8.927745877559182,9.937220217526903,1.918340564330699,2.2091801812895744,0.0017043233736654,0.0016540185261638086,0.005079126286634119,0.0057323368946964595
80,2,0,6,112,371,1,2,0.0,0.0,0.0029185123024153448,6.72973678327286e-05,,,1.918340564330699,2.2091798560203886,0.0,0.0,0.005079126286634119,0.005732337458775011
81,2,0,7,112,371,1,1,0.0,0.0,0.0,0.0,,,1.8626066180932157,1.8626066180932157,0.0,0.0,0.0,0.0
82,2,0,8,112,371,1,1,0.0,0.0,0.0,0.0,,,1.8626066180932157,1.8626066180932157,0.0,0.0,0.0,0.0
83,2,1,0,112,371,6258,2385,2.919066315730268,2.5427273075945536,0.2074864616603527,0.0,10.148650430453637,10.186009186425316,5.244918887601063,5.751081351697989,2.4673526038095295,2.541578402551698,1.2578749817051966,1.5862563781174908
84,2,1,1,112,371,862,982,1.7684174407272466,0.993761486165818,0.14777551804845707,0.0,10.095362441865884,10.186108620346758,4.434517743214398,5.307399842582675,0.8590089789572486,0.9914091323863959,0.7020630672744992,1.1517846981365956
85,2,1,2,112,371,82,250,1.0585049013654055,0.13348794294017693,0.09843684548695528,1.807440807570504e-05,10.16809667297711,10.183210078683699,3.5139731015599804,4.623334719129063,0.12570219996288745,0.1349793801565338,0.3109187435176853,0.6485105726584196
86,2,1,3,112,371,11,43,0.57207098276983,0.017615069434331554,0.05041142347534541,0.001102536176500159,10.21349850474726,10.160293135041172,2.7869277400961794,3.743204088131681,0.016896669510986496,0.01703326751239393,0.09848975271204943,0.21221570551586538
87,2,1,4,112,371,2,6,0.19180810192014436,0.001625279875953754,0.00909643077586985,0.00033955747376256237,10.16050756520759,9.933196050935486,2.4642415910071014,2.7584842821056075,0.0016680360776936138,0.0016540195397569601,0.023367329618680117,0.030048125086930864
88,2,1,5,112,371,1,1,0.0,0.0,0.0,0.0,,,1.8626066180932157,1.8626066180932157,0.0,0.0,0.0,0.0
89,2,1,6,112,371,1,1,0.0,0.0,0.0,0.0,,,1.8626066180932157,1.8626066180932157,0.0,0.0,0.0,0.0
90,2,2,0,112,371,5387,2202,2.841393656566356,2.412417237556876,0.20055657984881078,0.0,10.14135285741938,10.18554872536943,5.209756601162901,5.711164883873108,2.316407490216126,2.414953085613443,1.2225239274577586,1.5313107408518616
91,2,2,1,112,371,426,490,1.650444594553151,0.6031858855880136,0.1440637295017529,0.0,10.114499179747135,10.185897946502521,4.510173478113213,4.959807193441331,0.5383337680337493,0.598940886891074,0.6612114184227756,0.8803035691226035
92,2,2,2,112,371,35,59,0.9578260616931007,0.05873514098424956,0.0812582357404711,0.00050224104648005,10.141279477293358,10.17889226065356,3.4785436447256206,3.9013723832657714,0.05717423836940472,0.05766612078515579,0.19279918940498153,0.2700029164052424
93,2,2,3,112,371,3,5,0.1533982042531912,0.00355717011069424,0.007779080127517738,0.00021954945107456538,10.033099786281737,10.054080397001066,2.520664247132471,2.6673247256128305,0.0033580577945599268,0.0033224692337337704,0.023112222517677614,0.02388686049819054
94,2,2,4,112,371,1,1,0.0,0.0,0.0,0.0,,,1.8626066180932157,1.8626066180932157,0.0,0.0,0.0,0.0
95,2,2,5,112,371,1,1,0.0,0.0,0.0,0.0,,,1.8626066180932157,1.8626066180932157,0.0,0.0,0.0,0.0
96,2,3,0,112,371,6657,2629,4.258707360898054,2.59252136089753,0.21316746421103183,0.0025292886010365176,10.14721821832324,10.187068736898828,5.27800914185756,5.799783595244637,2.5309039399140634,2.5926693874814535,1.2902428582776768,1.58266955094409
97,2,3,1,112,371,932,1150,4.258707360898055,1.044432476458259,0.15584249540337045,0.0001977580053037734,10.109452527269951,10.185689168775161,4.520644852011735,5.386362991848987,0.9134202617980823,1.042351487458212,0.7547824185917343,1.2201947751399735
98,2,3,2,112,371,112,371,4.258707360898054,0.18608234005535185,0.10960884966945816,0.00010157601718586496,10.135473814686122,10.182890694097964,3.7252132361864323,4.820705270415089,0.1612680501662923,0.18294193333169437,0.4037301425563927,0.780528494684336
99,2,3,3,112,371,11,33,2.1377751172560755,0.016381671465862675,0.05504097825684882,0.0015038454115928312,10.195538100345754,10.158334144170235,3.0328327999181104,3.6108580449256134,0.01681087571463216,0.017033268355186655,0.11022252348204688,0.17101919138978652
100,2,3,4,112,371,2,4,0.072005604606861,0.0019379291598647398,0.0038006452036500465,0.00020312116225358,8.134435928841386,9.93355243013803,2.204807011433857,2.5557495093524647,0.0016711163147787459,0.0016540192962872613,0.011370554507123105,0.01774173373733755
101,2,3,5,112,371,2,1,0.072005604606861,0.001757722037199673,0.0,0.0,8.134435928841386,9.933136629698268,1.8626066180932157,1.8626066180932157,0.0016711163147787459,0.0016540195832549678,0.0,0.0
102,2,3,6,112,371,1,1,0.0,0.0,0.0,0.0,,,1.8626066180932157,1.8626066180932157,0.0,0.0,0.0,0.0
103,2,3,7,112,371,1,1,0.0,0.0,0.0,0.0,,,1.8626066180932157,1.8626066180932157,0.0,0.0,0.0,0.0
104,2,4,0,112,371,6559,2456,2.936031684638471,2.5839488262583923,0.2103871171953861,0.0,10.14971828946485,10.185636135871249,5.254817169851014,5.76574872270095,2.518462516248962,2.58159210719409,1.267956703489684,1.5570235401141939
105,2,4,1,112,371,249,413,1.4630845187278387,0.381783912428748,0.13983132078056323,0.0,10.13798245042957,10.185570790296442,4.326094774592251,4.874327825803909,0.3501372215074282,0.3833367878407568,0.5680349250495457,0.8177940878143591
106,2,4,2,112,371,20,39,0.8522779105873302,0.032468466667341316,0.06430808128467727,0.00015969014388996996,10.131412839127877,10.171777079729466,3.2351589023296032,3.6943846271723007,0.03225993689575074,0.03244740577501892,0.13713725094989127,0.19627437569202077
107,2,4,3,112,371,2,6,0.08438197621687968,0.0019058402420029858,0.00895653101179425,0.0003296263198578836,9.519848276027421,9.940305105533437,2.3729887417531326,2.758485157389715,0.0016679858912936679,0.0016540203631320676,0.02243230600712331,0.030048533258803578
108,2,4,4,112,371,1,2,0.0,0.0,0.0038369900959318907,6.99813971865909e-05,,,1.8939246951551731,2.209178329295101,0.0,0.0,0.004129580888699314,0.005732339978337073
109,2,4,5,112,371,1,1,0.0,0.0,0.0,0.0,,,1.8626066180932157,1.8626066180932157,0.0,0.0,0.0,0.0
110,2,4,6,112,371,1,1,0.0,0.0,0.0,0.0,,,1.8626066180932157,1.8626066180932157,0.0,0.0,0.0,0.0
111,3,0,0,11,33,4726,2162,1.1743263015513163,0.6382298079295486,0.17074597162075597,0.003795954963134505,10.201775628173662,10.246319937748433,4.504088104725119,5.009618277886904,0.6053364836819328,0.6376689278089617,0.46330876175262387,0.5767217261550114
112,3,0,1,11,33,568,882,0.7297967449860174,0.08554150211628311,0.08192062943483176,1.6353356511476574e-06,10.16631585110363,10.246673563088482,3.6234183994311735,4.561319868162267,0.0855664612536016,0.08571340405457564,0.20237590516126766,0.31461449680493536
113,3,0,2,11,33,48,247,0.5435718853658026,0.0063305599733262125,0.03860845725112545,3.254031369771197e-05,10.212895868473844,10.239887168294036,2.8495520194723927,3.924917438982152,0.0070753340655681845,0.007039237642509637,0.07343696396988882,0.10813346580792617
114,3,0,3,11,33,7,29,0.3363103307559566,0.0008893532341982709,0.010512692644906726,3.666723886096735e-05,10.167474945350538,10.200735382755258,2.089279308627746,2.853871693900162,0.0008918691148420539,0.00088732427797652,0.010662329623461244,0.013549960435595575
115,3,0,4,11,33,3,7,0.009628080192354841,0.0003000482264574056,0.0020182682186737667,5.441026439173731e-06,8.967967955472439,10.107516161443783,1.7385917247242513,2.1431802142533414,0.00030046914052951374,0.00029551497246669314,0.0027632512460056143,0.0029173441832273774
116,3,0,5,11,33,2,2,0.008167663144355505,0.00019124898703542711,0.00012849814299555995,1.7626974265595253e-06,8.987810163218816,9.995542701171177,1.2259601280623778,1.516798429332908,0.00014813460253738206,0.00014772570542438947,0.0004815342109088118,0.0004777753024234901
117,3,0,6,11,33,1,2,0.0,0.0,0.00012849814299555995,2.2539391280053086e-06,,,1.2259601280623778,1.5167977479494066,0.0,0.0,0.0004815342109088118,0.00047777533569158255
118,3,0,7,11,33,1,1,0.0,0.0,0.0,0.0,,,1.1702261818248942,1.1702261818248942,0.0,0.0,0.0,0.0
119,3,0,8,11,33,1,1,0.0,0.0,0.0,0.0,,,1.1702261818248942,1.1702261818248942,0.0,0.0,0.0,0.0
120,3,1,0,11,33,6258,2385,1.246459700284347,0.7850503587028824,0.1800961316535238,0.0,10.20871471611327,10.246150163795726,4.552538451332741,5.058700940052988,0.7563115238914536,0.7826095088566415,0.4964565816770216,0.619809815227827
121,3,1,1,11,33,862,982,0.7447839821866894,0.13201861025250958,0.09463388642685394,0.0016397951210643275,10.155426727525516,10.244840004825688,3.742137306946076,4.6150194702808545,0.129248738576923,0.13015481255386463,0.22986093356478954,0.3405287353263662
122,3,1,2,11,33,82,250,0.5526161082569727,0.012929951426051686,0.04244258679560611,0.00024695353547179435,10.228160958636744,10.243792719878869,2.82159266529166,3.930953511374958,0.012256746714414448,0.012268929083081364,0.07723566768995638,0.10932366432128215
123,3,1,3,11,33,11,43,0.37397105191935837,0.001441198334135909,0.014910588144899655,4.827848361383161e-05,10.273562790406892,10.220984546008491,2.0945473038278575,3.0508229363737565,0.0014862489020860154,0.0014802271647552552,0.015418793704594551,0.02022659715974033
124,3,1,4,11,33,2,6,0.11821212636537884,0.00013960372506778042,0.002820255485866969,7.652443576970213e-06,10.220571850867223,9.996015654206737,1.7718611547387797,2.066104416318672,0.00014778601886708905,0.00014772570515193362,0.0023242266244862036,0.0024276035271854936
125,3,1,5,11,33,1,1,0.0,0.0,0.0,0.0,,,1.1702261818248942,1.1702261818248942,0.0,0.0,0.0,0.0
126,3,1,6,11,33,1,1,0.0,0.0,0.0,0.0,,,1.1702261818248942,1.1702261818248942,0.0,0.0,0.0,0.0
127,3,2,0,11,33,5387,2202,1.214080653305113,0.7040822424767269,0.17280828063520481,0.0,10.201417143079013,10.246584985469282,4.517376164894578,5.018784380518712,0.6724515150347915,0.7023011163194806,0.47132097841175313,0.5873918783503097
128,3,2,1,11,33,426,490,0.7358853935397071,0.06508272566093506,0.0714456513102178,0.00018726032198827292,10.174563465406766,10.246314518720107,3.8177930418448907,4.267426567684881,0.06444795116754368,0.06449807460376487,0.16046600477414674,0.19706915101671746
129,3,2,2,11,33,35,59,0.5275314131516066,0.005579472068187114,0.018502053710115554,0.00045394402581602013,10.201343762952991,10.239520804464963,2.7861632084572987,3.2089931819882116,0.005096265849049163,0.005068012507372197,0.025689402286480468,0.027745957021634612
130,3,2,3,11,33,3,5,0.0795217308423852,0.000346262859140049,0.00196975325049621,4.826172592339601e-06,10.09316407194137,10.11054341112942,1.828283810864149,1.9749435039043939,0.00029577478854349136,0.00029551489226459666,0.0019347427022478826,0.001937666676254095
131,3,2,4,11,33,1,1,0.0,0.0,0.0,0.0,,,1.1702261818248942,1.1702261818248942,0.0,0.0,0.0,0.0
132,3,2,5,11,33,1,1,0.0,0.0,0.0,0.0,,,1.1702261818248942,1.1702261818248942,0.0,0.0,0.0,0.0
133,3,3,0,11,33,6657,2629,2.1377751172560755,0.810714880399404,0.186702997342551,0.0,10.207282503982873,10.24724703967777,4.585628705589238,5.107403215354363,0.7934730365938992,0.8138222324546833,0.5219705151522825,0.6432992103445753
134,3,3,1,11,33,932,1150,2.1377751172560755,0.14030227621250083,0.10008522095775217,0.00026918502302673993,10.169516812929585,10.24463489421831,3.828264415743414,4.693982344449068,0.1398771707356126,0.14083908129094758,0.2551247335508048,0.3817761882796292
135,3,3,2,11,33,112,371,2.1377751172560755,0.015608437308030349,0.055040978256848824,0.00011372371278077454,10.195538100345754,10.243786461086493,3.03283279991811,4.128324735984128,0.01681087571464196,0.01692295131495366,0.11022252348198062,0.1553664401373113
136,3,3,3,11,33,11,33,2.137775117256076,0.0015370829079352447,0.013354615217285655,2.858284159541931e-05,10.255602386005387,10.221169641463769,2.3404523636497885,2.9184773606405003,0.0014899526455554378,0.0014802273606342215,0.013659833047624052,0.015465297409942859
137,3,3,4,11,33,2,4,0.07200560460686081,0.00023600285034349952,0.0008517687047143792,7.279364659725765e-06,8.194500214501018,9.99483243174129,1.512426575165535,1.8633730540563613,0.00015104474778089715,0.00014772570624830493,0.0012679397713686949,0.0014483937459087593
138,3,3,5,11,33,2,1,0.07200560460686081,0.0001230309530233422,0.0,0.0,8.194500214501018,9.995424392977782,1.1702261818248942,1.1702261818248942,0.00015104474778089715,0.00014772570553281574,0.0,0.0
139,3,3,6,11,33,1,1,0.0,0.0,0.0,0.0,,,1.1702261818248942,1.1702261818248942,0.0,0.0,0.0,0.0
140,3,3,7,11,33,1,1,0.0,0.0,0.0,0.0,,,1.1702261818248942,1.1702261818248942,0.0,0.0,0.0,0.0
141,3,4,0,11,33,6559,2456,1.2569457420086376,0.8054418378168008,0.18343470208408832,0.0,10.209782575124484,10.245535628473803,4.562436733582692,5.073368316337496,0.7853293843180708,0.8061775115310187,0.5042855968268997,0.6202383114294814
142,3,4,1,11,33,249,413,0.680099853550882,0.03969367928472427,0.06288704881069694,0.0004576056674176294,10.198046736089204,10.245255354392187,3.63371433832393,4.181947372218503,0.037679576370875024,0.03796030241338501,0.13481738522988757,0.17044537132632456
143,3,4,2,11,33,20,39,0.51406579071278,0.002587000352067101,0.01572715760658567,2.9511852513019673e-05,10.191477124787511,10.231813574492904,2.542778466061282,3.0020044134523376,0.0028283426026494704,0.0028187707604863696,0.016980559268242552,0.018327172689348265
144,3,4,3,11,33,2,6,0.03326450907821908,7.315924397242705e-05,0.0018262603119444019,7.357094928188619e-06,9.579912561687053,9.994950880068762,1.6806083054848104,2.0661043414380575,0.00014778579513292656,0.00014772570607389404,0.0021710289150136544,0.0024276035255447518
145,3,4,4,11,33,1,2,0.0,0.0,0.0005958783482346036,1.1334375620143493e-06,,,1.2015442588868517,1.5167984560070598,0.0,0.0,0.00047193494234761343,0.000477775299155402
146,3,4,5,11,33,1,1,0.0,0.0,0.0,0.0,,,1.1702261818248942,1.1702261818248942,0.0,0.0,0.0,0.0
147,3,4,6,11,33,1,1,0.0,0.0,0.0,0.0,,,1.1702261818248942,1.1702261818248942,0.0,0.0,0.0,0.0
148,4,0,0,2,4,4726,2162,0.039657350505053396,0.03246567268993473,0.0104591293459561,8.923482651811837e-07,8.140673456669292,8.185927678848376,3.6760623162408645,4.181592497140278,0.030979585526954827,0.03261618074412887,0.05787310718146498,0.06171014374089744
149,4,0,1,2,4,568,882,0.01578178049010272,0.009051012146663776,0.0060518720165687444,1.8975309788455373e-05,8.105213679599261,8.185779424113383,2.7953926109469203,3.7332940071971743,0.008208596745198065,0.009376563535225257,0.024328895660130884,0.029695111155873907
150,4,0,2,2,4,48,247,0.006153606756543255,0.0008114054013655249,0.0026679755561885817,2.22680988489583e-06,8.151793696969474,8.180685348137958,2.0215262309881394,3.096891948550498,0.0007219570364812779,0.0007078082213247186,0.007630363872782273,0.009397448570299068
151,4,0,3,2,4,7,29,0.004155720244222184,0.00013074592367027897,0.0008109237839531886,2.502834925335179e-07,8.106372773846168,8.138281717644979,1.2612535201434927,2.0258449664238394,8.965582544153935e-05,8.883891293604202e-05,0.0010293637443150863,0.0012983663734033154
152,4,0,4,2,4,3,7,0.0008532024790281747,1.4377460703152156e-05,0.00014385624494884803,1.2535872286327954e-07,6.906865783968069,8.050414372670254,0.9105659362399978,1.315154071520983,3.0454922845029273e-05,2.9569313964898534e-05,0.00024669576114969255,0.00027414961292705623
153,4,0,5,2,4,2,2,0.0007553566421138469,2.7510522922907787e-06,3.625565863838321e-05,6.578957319376688e-08,6.926707991714446,7.937624314965827,0.39793433957812413,0.6887716394122926,1.4846394020350857e-05,1.4779259889639154e-05,4.5104121349186525e-05,4.464763258551483e-05
154,4,0,6,2,4,1,2,0.0,0.0,3.625565863838321e-05,2.906132283461531e-07,,,0.39793433957812413,0.6887739833290836,0.0,0.0,4.5104121349186525e-05,4.464762726720586e-05
155,4,0,7,2,4,1,1,0.0,0.0,0.0,0.0,,,0.3422003933406408,0.3422003933406408,0.0,0.0,0.0,0.0
156,4,0,8,2,4,1,1,0.0,0.0,0.0,0.0,,,0.3422003933406408,0.3422003933406408,0.0,0.0,0.0,0.0
157,4,1,0,2,4,6258,2385,0.043447872484624506,0.03652931441084172,0.010801859093519297,0.0,8.1476125446089,8.185664458740982,3.724512662848487,4.230675117095015,0.035243663836300725,0.036278207962726565,0.06312927482725007,0.06725357406682911
158,4,1,1,2,4,862,982,0.01869603072324433,0.01307117055650709,0.006841416582000129,5.4802488014023786e-05,8.094324556021148,8.18437725604008,2.914111518461823,3.7869934505161185,0.011239079950696023,0.013057502484404907,0.027206600372328246,0.032484856657015324
159,4,1,2,2,4,82,250,0.006585660586343963,0.0014634843432914327,0.0030925111380891014,7.5369788958413834e-06,8.167058787132374,8.182921941241865,1.9935668768074055,3.1029286394347455,0.001251610742610561,0.0012433467292092544,0.007830802753255314,0.009504573581081855
160,4,1,3,2,4,11,43,0.0030051343368642327,0.00020796286947737542,0.0012014548394595217,1.1042758336721279e-05,8.212460618902524,8.16033267780778,1.266521515343604,2.2227975172804473,0.00014993656852781368,0.00014828736528610173,0.001486918017263537,0.0018930712505058071
161,4,1,4,2,4,2,6,4.1247979971154036e-05,4.3995227397147785e-06,0.0002023565722911802,7.395069288418203e-08,8.159469679362854,7.938094267417743,0.9438353662545262,1.238077418733943,1.4789470594538906e-05,1.4779260103546535e-05,0.0002142937894333145,0.00022718201447324328
162,4,1,5,2,4,1,1,0.0,0.0,0.0,0.0,,,0.3422003933406408,0.3422003933406408,0.0,0.0,0.0,0.0
163,4,1,6,2,4,1,1,0.0,0.0,0.0,0.0,,,0.3422003933406408,0.3422003933406408,0.0,0.0,0.0,0.0
164,4,2,0,2,4,5387,2202,0.04147687211198077,0.034497018357507674,0.01039532344124149,0.0,8.140314971574643,8.18570249713609,3.6893503764103244,4.190758691558099,0.032910668910409495,0.03427965016428986,0.05888044688791266,0.06285186702935626
165,4,2,1,2,4,426,490,0.014187917591750346,0.006673016393939314,0.004482880820419469,2.878868603862117e-05,8.113461293902397,8.184902745972757,2.989767253360637,3.4394006851470564,0.006562201702324765,0.007242192128343396,0.01577355632656441,0.017755500559154758
166,4,2,2,2,4,35,59,0.005513999678972416,0.00031612794618565156,0.0012503935095805508,5.169405627391231e-07,8.140241591448621,8.176881818270921,1.958137419973045,2.3809657286485733,0.0005164899724651813,0.0005090562301053207,0.002320400513267943,0.002534218768478715
167,4,2,3,2,4,3,5,0.00046192224697948377,0.00021095838728783442,0.00015326672949458702,1.9200184736057647e-07,8.032061900437,8.050400210647824,1.0002580223798956,1.146917904881244,2.961221032049929e-05,2.9569311508894388e-05,0.0001824778061396246,0.00018075833184993018
168,4,2,4,2,4,1,1,0.0,0.0,0.0,0.0,,,0.3422003933406408,0.3422003933406408,0.0,0.0,0.0,0.0
169,4,2,5,2,4,1,1,0.0,0.0,0.0,0.0,,,0.3422003933406408,0.3422003933406408,0.0,0.0,0.0,0.0
170,4,3,0,2,4,6657,2629,0.07200560460686105,0.03739074040550915,0.01188384395661278,4.0928775909353015e-05,8.146180332478503,8.185213717423615,3.757602917104985,4.279377392199649,0.03623343233942008,0.03704545081418995,0.06862092180352586,0.07224658319344907
171,4,3,1,2,4,932,1150,0.07200560460686112,0.014091805892710323,0.007157246289168811,0.0,8.108414641425215,8.184968678064294,3.0002386272591597,3.8659564406357863,0.011997907412852069,0.013802802974570805,0.03125690602563213,0.03703393339598602
172,4,3,2,2,4,112,371,0.072005604606861,0.0018909500356970566,0.0038006452036500474,9.032789061760556e-07,8.134435928841386,8.183243358927886,2.2048070114338563,3.3002988748995117,0.0016711163147785778,0.0017406457005987755,0.01137055450713748,0.013755257615836644
173,4,3,3,2,4,11,33,0.07200560460686081,0.00028161619493610734,0.0008517687047143793,2.8786764028460553e-06,8.194500214501018,8.157066524909663,1.512426575165535,2.0904512183438486,0.00015104474777987464,0.0001482874237633798,0.0012679397713742408,0.0014723956531460447
174,4,3,4,2,4,2,4,0.07200560460686192,1.0721498487582803e-05,0.00017845246581457827,1.5861931012889005e-07,6.133398042996649,7.936506404403641,0.6844007866812816,1.0353451550086608,1.5258763709715514e-05,1.4779259534156275e-05,0.00011928430750171161,0.0001349147117091348
175,4,3,5,2,4,2,1,0.07200560460686192,1.6678628366302573e-05,0.0,0.0,6.133398042996649,7.932692638685204,0.3422003933406408,0.3422003933406408,1.5258763709715514e-05,1.4779259951434326e-05,0.0,0.0
176,4,3,6,2,4,1,1,0.0,0.0,0.0,0.0,,,0.3422003933406408,0.3422003933406408,0.0,0.0,0.0,0.0
177,4,3,7,2,4,1,1,0.0,0.0,0.0,0.0,,,0.3422003933406408,0.3422003933406408,0.0,0.0,0.0,0.0
178,4,4,0,2,4,6559,2456,0.043526000995118996,0.03688993886180724,0.010819040177388111,0.00021413541031351858,8.148680403620114,8.18428845449474,3.734410945098439,4.245342686446323,0.03603529923855656,0.03690109526527805,0.0647429638788179,0.06838415580912031
179,4,4,1,2,4,249,413,0.01093505711899565,0.004302957825067962,0.0040675774156151865,7.953736873965759e-06,8.136944564584834,8.184475201842766,2.805688549839677,3.3539214834135764,0.003987584998049238,0.0041990595065425785,0.013308644683095127,0.015187875583712812
180,4,4,2,2,4,20,39,0.005080218567428744,0.00040638936814913493,0.0010522460571349946,2.3470035632154607e-07,8.130374953283141,8.172343673685743,1.7147526775770288,2.173979390773506,0.00028413630191538364,0.00028272674962796096,0.0015394139623640254,0.0017270263643912361
181,4,4,3,2,4,2,6,0.000515482223454846,5.2755722554979206e-05,0.00015416890455766086,1.4189855605958e-07,7.518810390182683,7.938182334348838,0.852582517000557,1.2380779697172093,1.478943288378628e-05,1.4779260147783392e-05,0.00020736093328601365,0.0002271835568397512
182,4,4,4,2,4,1,2,0.0,0.0,6.446767559703157e-05,1.084328267522694e-07,,,0.3735184704025983,0.6887731778471613,0.0,0.0,4.1885387296841885e-05,4.4647629133613046e-05
183,4,4,5,2,4,1,1,0.0,0.0,0.0,0.0,,,0.3422003933406408,0.3422003933406408,0.0,0.0,0.0,0.0
184,4,4,6,2,4,1,1,0.0,0.0,0.0,0.0,,,0.3422003933406408,0.3422003933406408,0.0,0.0,0.0,0.0
185,5,0,0,2,1,4726,2162,0.039657350505053396,0.03265378994901862,0.0,0.0,8.140673456669292,8.184274668346037,3.3338619229002235,3.8393920643886164,0.030979585526954827,0.03262998904640072,0.0,0.0
186,5,0,1,2,1,568,882,0.01578178049010272,0.009700309903222144,0.0,0.0,8.105213679599261,8.184857842180191,2.4531922176062784,3.391093405840441,0.008208596745198065,0.009383200342968542,0.0,0.0
187,5,0,2,2,1,48,247,0.006153606756543255,0.0009262312344415343,0.0,0.0,8.151793696969474,8.178951900150713,1.6793258376474984,2.7546915516718444,0.0007219570364812779,0.000707816262276723,0.0,0.0
188,5,0,3,2,1,7,29,0.004155720244222184,8.056913355240954e-05,0.0,0.0,8.106372773846168,8.142838486459906,0.9190531268028517,1.6836453393423603,8.965582544153935e-05,8.883898449836939e-05,0.0,0.0
189,5,0,4,2,1,3,7,0.0008532024790281747,5.362987633667632e-06,0.0,0.0,6.906865783968069,8.05033767937829,0.568365542899357,0.9729527609727124,3.0454922845029273e-05,2.9569311578853326e-05,0.0,0.0
190,5,0,5,2,1,2,2,0.0007553566421138469,1.5475789820543207e-06,0.0,0.0,6.926707991714446,7.937506757803115,0.05573394623748335,0.3465733706984908,1.4846394020350857e-05,1.4779259841927196e-05,0.0,0.0
191,5,0,6,2,1,1,2,0.0,0.0,0.0,0.0,,,0.05573394623748335,0.34657186018441444,0.0,0.0,0.0,0.0
192,5,0,7,2,1,1,1,0.0,0.0,0.0,0.0,,,0.0,0.0,0.0,0.0,0.0,0.0
193,5,0,8,2,1,1,1,0.0,0.0,0.0,0.0,,,0.0,0.0,0.0,0.0,0.0,0.0
194,5,1,0,2,1,6258,2385,0.043447872484624506,0.03589462412323334,0.0,0.0,8.1476125446089,8.185041629919938,3.3823122695078465,3.888474641271151,0.035243663836300725,0.036234266531907526,0.0,0.0
195,5,1,1,2,1,862,982,0.01869603072324433,0.01303436651506371,0.0,0.0,8.094324556021148,8.184054215579245,2.571911125121182,3.444793184962821,0.011239079950696023,0.013049251516620506,0.0,0.0
196,5,1,2,2,1,82,250,0.006585660586343963,0.0011349639802179338,0.0,0.0,8.167058787132374,8.183054533442144,1.6513664834667647,2.760727952967883,0.001251610742610561,0.0012433456200800748,0.0,0.0
197,5,1,3,2,1,11,43,0.0030051343368642327,8.45631292608253e-05,0.0,0.0,8.212460618902524,8.157262182680121,0.9243211220029631,1.880597583562663,0.00014993656852781368,0.00014828733021884745,0.0,0.0
198,5,1,4,2,1,2,6,4.1247979971154036e-05,1.2215638213318447e-05,0.0,0.0,8.159469679362854,7.932633280935978,0.6016349729138853,0.895878369283222,1.4789470594538906e-05,1.4779259978496385e-05,0.0,0.0
199,5,1,5,2,1,1,1,0.0,0.0,0.0,0.0,,,0.0,0.0,0.0,0.0,0.0,0.0
200,5,1,6,2,1,1,1,0.0,0.0,0.0,0.0,,,0.0,0.0,0.0,0.0,0.0,0.0
201,5,2,0,2,1,5387,2202,0.04147687211198077,0.034215679294468185,0.0,0.0,8.140314971574643,8.184151102209132,3.347149983069684,3.8485581769115402,0.032910668910409495,0.03432319308633214,0.0,0.0
202,5,2,1,2,1,426,490,0.014187917591750346,0.00752324276335776,0.0,0.0,8.113461293902397,8.184539970940035,2.6475668600199964,3.097200476583453,0.006562201702324765,0.007240095181844988,0.0,0.0
203,5,2,2,2,1,35,59,0.005513999678972416,0.0006187611603322853,0.0,0.0,8.140241591448621,8.179499342932345,1.6159370266324042,2.0387662293414857,0.0005164899724651813,0.0005090554864606914,0.0,0.0
204,5,2,3,2,1,3,5,0.00046192224697948377,2.2024386812469904e-05,0.0,0.0,8.032061900437,8.050816781916051,0.6580576290392549,0.804716127950173,2.961221032049929e-05,2.956931913019775e-05,0.0,0.0
205,5,2,4,2,1,1,1,0.0,0.0,0.0,0.0,,,0.0,0.0,0.0,0.0,0.0,0.0
206,5,2,5,2,1,1,1,0.0,0.0,0.0,0.0,,,0.0,0.0,0.0,0.0,0.0,0.0
207,5,3,0,2,1,6657,2629,0.07200560460686105,0.03725406539470973,0.0,0.0,8.146180332478503,8.184262300693772,3.415402523764344,3.937177015800624,0.03623343233942008,0.03709195546758616,0.0,0.0
208,5,3,1,2,1,932,1150,0.07200560460686112,0.013778077678108368,0.0,0.0,8.108414641425215,8.185113131142824,2.658038233918519,3.523756132487373,0.011997907412852069,0.013807732000610798,0.0,0.0
209,5,3,2,2,1,112,371,0.072005604606861,0.0019455507338660095,0.0,0.0,8.134435928841386,8.183697247635594,1.8626066180932157,2.958098469719155,0.0016711163147785778,0.0017406592934421496,0.0,0.0
210,5,3,3,2,1,11,33,0.07200560460686081,0.00024150246409370465,0.0,0.0,8.194500214501018,8.158783872949028,1.1702261818248942,1.7482512683540825,0.00015104474777987464,0.00014828725853655042,0.0,0.0
211,5,3,4,2,1,2,4,0.07200560460686192,1.8152247570693558e-06,0.0,0.0,6.133398042996649,7.937918087007182,0.3422003933406408,0.6931432912648899,1.5258763709715514e-05,1.4779260017651751e-05,0.0,0.0
212,5,3,5,2,1,2,1,0.07200560460686192,1.032387165175036e-05,0.0,0.0,6.133398042996649,7.936506404403639,0.0,0.0,1.5258763709715514e-05,1.4779259534156275e-05,0.0,0.0
213,5,3,6,2,1,1,1,0.0,0.0,0.0,0.0,,,0.0,0.0,0.0,0.0,0.0,0.0
214,5,3,7,2,1,1,1,0.0,0.0,0.0,0.0,,,0.0,0.0,0.0,0.0,0.0,0.0
215,5,4,0,2,1,6559,2456,0.043526000995118996,0.036911276137417806,0.0,0.0,8.148680403620114,8.18482402677521,3.392210551757798,3.903142213820398,0.03603529923855656,0.03687813135533723,0.0,0.0
216,5,4,1,2,1,249,413,0.01093505711899565,0.004490967009139878,0.0,0.0,8.136944564584834,8.18381703455775,2.463488156499036,3.011721434549948,0.003987584998049238,0.004199113163442772,0.0,0.0
217,5,4,2,2,1,20,39,0.005080218567428744,0.0002325744535520355,0.0,0.0,8.130374953283141,8.171209318816157,1.3725522842363878,1.8317783006510817,0.00028413630191538364,0.00028272681399465344,0.0,0.0
218,5,4,3,2,1,2,6,0.000515482223454846,5.955921103528716e-09,0.0,0.0,7.518810390182683,7.934617939485346,0.5103821236599163,0.8958753036110656,1.478943288378628e-05,1.4779259426484444e-05,0.0,0.0
219,5,4,4,2,1,1,2,0.0,0.0,0.0,0.0,,,0.031318077061957425,0.34657261618435564,0.0,0.0,0.0,0.0
220,5,4,5,2,1,1,1,0.0,0.0,0.0,0.0,,,0.0,0.0,0.0,0.0,0.0,0.0
221,5,4,6,2,1,1,1,0.0,0.0,0.0,0.0,,,0.0,0.0,0.0,0.0,0.0,0.0
222,6,0,0,1,1,4726,2162,0.0,0.0,0.0,0.0,,,3.3338619229002235,3.839391909583511,0.0,0.0,0.0,0.0
223,6,0,1,1,1,568,882,0.0,0.0,0.0,0.0,,,2.4531922176062784,3.391093540021309,0.0,0.0,0.0,0.0
224,6,0,2,1,1,48,247,0.0,0.0,0.0,0.0,,,1.6793258376474984,2.7546917361383696,0.0,0.0,0.0,0.0
225,6,0,3,1,1,7,29,0.0,0.0,0.0,0.0,,,0.9190531268028517,1.6836456208695811,0.0,0.0,0.0,0.0
226,6,0,4,1,1,3,7,0.0,0.0,0.0,0.0,,,0.568365542899357,0.9729533246127249,0.0,0.0,0.0,0.0
227,6,0,5,1,1,2,2,0.0,0.0,0.0,0.0,,,0.05573394623748335,0.3465735859917384,0.0,0.0,0.0,0.0
228,6,0,6,1,1,1,2,0.0,0.0,0.0,0.0,,,0.05573394623748335,0.3465734847339062,0.0,0.0,0.0,0.0
229,6,0,7,1,1,1,1,0.0,0.0,0.0,0.0,,,0.0,0.0,0.0,0.0,0.0,0.0
230,6,0,8,1,1,1,1,0.0,0.0,0.0,0.0,,,0.0,0.0,0.0,0.0,0.0,0.0
231,6,1,0,1,1,6258,2385,0.0,0.0,0.0,0.0,,,3.3823122695078465,3.8884747779672093,0.0,0.0,0.0,0.0
232,6,1,1,1,1,862,982,0.0,0.0,0.0,0.0,,,2.571911125121182,3.4447932897168485,0.0,0.0,0.0,0.0
233,6,1,2,1,1,82,250,0.0,0.0,0.0,0.0,,,1.6513664834667647,2.7607281569566435,0.0,0.0,0.0,0.0
234,6,1,3,1,1,11,43,0.0,0.0,0.0,0.0,,,0.9243211220029631,1.8805964539456639,0.0,0.0,0.0,0.0
235,6,1,4,1,1,2,6,0.0,0.0,0.0,0.0,,,0.6016349729138853,0.8958782163579806,0.0,0.0,0.0,0.0
236,6,1,5,1,1,1,1,0.0,0.0,0.0,0.0,,,0.0,0.0,0.0,0.0,0.0,0.0
237,6,1,6,1,1,1,1,0.0,0.0,0.0,0.0,,,0.0,0.0,0.0,0.0,0.0,0.0
238,6,2,0,1,1,5387,2202,0.0,0.0,0.0,0.0,,,3.347149983069684,3.8485583292289403,0.0,0.0,0.0,0.0
239,6,2,1,1,1,426,490,0.0,0.0,0.0,0.0,,,2.6475668600199964,3.0972004266106095,0.0,0.0,0.0,0.0
240,6,2,2,1,1,35,59,0.0,0.0,0.0,0.0,,,1.6159370266324042,2.0387664135530197,0.0,0.0,0.0,0.0
241,6,2,3,1,1,3,5,0.0,0.0,0.0,0.0,,,0.6580576290392549,0.804717239808419,0.0,0.0,0.0,0.0
242,6,2,4,1,1,1,1,0.0,0.0,0.0,0.0,,,0.0,0.0,0.0,0.0,0.0,0.0
243,6,2,5,1,1,1,1,0.0,0.0,0.0,0.0,,,0.0,0.0,0.0,0.0,0.0,0.0
244,6,3,0,1,1,6657,2629,0.0,0.0,0.0,0.0,,,3.415402523764344,3.9371769901514835,0.0,0.0,0.0,0.0
245,6,3,1,1,1,932,1150,0.0,0.0,0.0,0.0,,,2.658038233918519,3.5237563465072643,0.0,0.0,0.0,0.0
246,6,3,2,1,1,112,371,0.0,0.0,0.0,0.0,,,1.8626066180932157,2.9580988064191662,0.0,0.0,0.0,0.0
247,6,3,3,1,1,11,33,0.0,0.0,0.0,0.0,,,1.1702261818248942,1.7482521541696874,0.0,0.0,0.0,0.0
248,6,3,4,1,1,2,4,0.0,0.0,0.0,0.0,,,0.3422003933406408,0.6931434666602257,0.0,0.0,0.0,0.0
249,6,3,5,1,1,2,1,0.0,0.0,0.0,0.0,,,0.0,0.0,0.0,0.0,0.0,0.0
250,6,3,6,1,1,1,1,0.0,0.0,0.0,0.0,,,0.0,0.0,0.0,0.0,0.0,0.0
251,6,3,7,1,1,1,1,0.0,0.0,0.0,0.0,,,0.0,0.0,0.0,0.0,0.0,0.0
252,6,4,0,1,1,6559,2456,0.0,0.0,0.0,0.0,,,3.392210551757798,3.9031421498159493,0.0,0.0,0.0,0.0
253,6,4,1,1,1,249,413,0.0,0.0,0.0,0.0,,,2.463488156499036,3.0117214708941535,0.0,0.0,0.0,0.0
254,6,4,2,1,1,20,39,0.0,0.0,0.0,0.0,,,1.3725522842363878,1.8317787301105148,0.0,0.0,0.0,0.0
255,6,4,3,1,1,2,6,0.0,0.0,0.0,0.0,,,0.5103821236599163,0.8958764495970076,0.0,0.0,0.0,0.0
256,6,4,4,1,1,1,2,0.0,0.0,0.0,0.0,,,0.031318077061957425,0.34657312635634363,0.0,0.0,0.0,0.0
257,6,4,5,1,1,1,1,0.0,0.0,0.0,0.0,,,0.0,0.0,0.0,0.0,0.0,0.0
258,6,4,6,1,1,1,1,0.0,0.0,0.0,0.0,,,0.0,0.0,0.0,0.0,0.0,0.0
259,7,0,0,1,1,4726,2162,0.0,0.0,0.0,0.0,,,3.3338619229002235,3.839392071090971,0.0,0.0,0.0,0.0
260,7,0,1,1,1,568,882,0.0,0.0,0.0,0.0,,,2.4531922176062784,3.391093462531056,0.0,0.0,0.0,0.0
261,7,0,2,1,1,48,247,0.0,0.0,0.0,0.0,,,1.6793258376474984,2.7546916574172613,0.0,0.0,0.0,0.0
262,7,0,3,1,1,7,29,0.0,0.0,0.0,0.0,,,0.9190531268028517,1.6836442176527817,0.0,0.0,0.0,0.0
263,7,0,4,1,1,3,7,0.0,0.0,0.0,0.0,,,0.568365542899357,0.9729535392115878,0.0,0.0,0.0,0.0
264,7,0,5,1,1,2,2,0.0,0.0,0.0,0.0,,,0.05573394623748335,0.34656924006950246,0.0,0.0,0.0,0.0
265,7,0,6,1,1,1,2,0.0,0.0,0.0,0.0,,,0.05573394623748335,0.3465735518291869,0.0,0.0,0.0,0.0
266,7,0,7,1,1,1,1,0.0,0.0,0.0,0.0,,,0.0,0.0,0.0,0.0,0.0,0.0
267,7,0,8,1,1,1,1,0.0,0.0,0.0,0.0,,,0.0,0.0,0.0,0.0,0.0,0.0
268,7,1,0,1,1,6258,2385,0.0,0.0,0.0,0.0,,,3.3823122695078465,3.888474811360158,0.0,0.0,0.0,0.0
269,7,1,1,1,1,862,982,0.0,0.0,0.0,0.0,,,2.571911125121182,3.4447932012276885,0.0,0.0,0.0,0.0
270,7,1,2,1,1,82,250,0.0,0.0,0.0,0.0,,,1.6513664834667647,2.7607277936474452,0.0,0.0,0.0,0.0
271,7,1,3,1,1,11,43,0.0,0.0,0.0,0.0,,,0.9243211220029631,1.8805981357563348,0.0,0.0,0.0,0.0
272,7,1,4,1,1,2,6,0.0,0.0,0.0,0.0,,,0.6016349729138853,0.8958728684095674,0.0,0.0,0.0,0.0
273,7,1,5,1,1,1,1,0.0,0.0,0.0,0.0,,,0.0,0.0,0.0,0.0,0.0,0.0
274,7,1,6,1,1,1,1,0.0,0.0,0.0,0.0,,,0.0,0.0,0.0,0.0,0.0,0.0
275,7,2,0,1,1,5387,2202,0.0,0.0,0.0,0.0,,,3.347149983069684,3.8485581917959286,0.0,0.0,0.0,0.0
276,7,2,1,1,1,426,490,0.0,0.0,0.0,0.0,,,2.6475668600199964,3.0972002659656437,0.0,0.0,0.0,0.0
277,7,2,2,1,1,35,59,0.0,0.0,0.0,0.0,,,1.6159370266324042,2.038765569317187,0.0,0.0,0.0,0.0
278,7,2,3,1,1,3,5,0.0,0.0,0.0,0.0,,,0.6580576290392549,0.8047169049437559,0.0,0.0,0.0,0.0
279,7,2,4,1,1,1,1,0.0,0.0,0.0,0.0,,,0.0,0.0,0.0,0.0,0.0,0.0
280,7,2,5,1,1,1,1,0.0,0.0,0.0,0.0,,,0.0,0.0,0.0,0.0,0.0,0.0
281,7,3,0,1,1,6657,2629,0.0,0.0,0.0,0.0,,,3.415402523764344,3.937176891261932,0.0,0.0,0.0,0.0
282,7,3,1,1,1,932,1150,0.0,0.0,0.0,0.0,,,2.658038233918519,3.5237562743254136,0.0,0.0,0.0,0.0
283,7,3,2,1,1,112,371,0.0,0.0,0.0,0.0,,,1.8626066180932157,2.9580984111011306,0.0,0.0,0.0,0.0
284,7,3,3,1,1,11,33,0.0,0.0,0.0,0.0,,,1.1702261818248942,1.748251306987176,0.0,0.0,0.0,0.0
285,7,3,4,1,1,2,4,0.0,0.0,0.0,0.0,,,0.3422003933406408,0.693142263866519,0.0,0.0,0.0,0.0
286,7,3,5,1,1,2,1,0.0,0.0,0.0,0.0,,,0.0,0.0,0.0,0.0,0.0,0.0
287,7,3,6,1,1,1,1,0.0,0.0,0.0,0.0,,,0.0,0.0,0.0,0.0,0.0,0.0
288,7,3,7,1,1,1,1,0.0,0.0,0.0,0.0,,,0.0,0.0,0.0,0.0,0.0,0.0
289,7,4,0,1,1,6559,2456,0.0,0.0,0.0,0.0,,,3.392210551757798,3.903142185506397,0.0,0.0,0.0,0.0
290,7,4,1,1,1,249,413,0.0,0.0,0.0,0.0,,,2.463488156499036,3.0117213089552246,0.0,0.0,0.0,0.0
291,7,4,2,1,1,20,39,0.0,0.0,0.0,0.0,,,1.3725522842363878,1.8317791394271592,0.0,0.0,0.0,0.0
292,7,4,3,1,1,2,6,0.0,0.0,0.0,0.0,,,0.5103821236599163,0.8958781407088826,0.0,0.0,0.0,0.0
293,7,4,4,1,1,1,2,0.0,0.0,0.0,0.0,,,0.031318077061957425,0.34657342772724764,0.0,0.0,0.0,0.0
294,7,4,5,1,1,1,1,0.0,0.0,0.0,0.0,,,0.0,0.0,0.0,0.0,0.0,0.0
295,7,4,6,1,1,1,1,0.0,0.0,0.0,0.0,,,0.0,0.0,0.0,0.0,0.0,0.0
