word,freq
corrupt,0.19173964865004922
pake,0.06884489817070011
outsourc,0.058687878944913716
overconfid,0.044151940716173496
wto,0.04410011918951132
chiappori,0.038969788049955954
ariel,0.03599005026688086
plantlevel,0.035808674923563245
bresnahan,0.02650671088770275
civic,0.025314815774472716
reenen,0.02331968699797896
levinsohn,0.02306057936466808
zipf,0.017671140591801835
firmyear,0.0152096180753485
nevo,0.014302741358760428
rossihansberg,0.014095455252111727
syverson,0.013292221588848007
naic,0.013214489298854744
hendel,0.012437166398922112
klepper,0.011400735865678602
ericson,0.010856609835725761
shroud,0.01039021609576618
benkard,0.009431517852515935
olley,0.00937969632585376
discretechoic,0.009353785562522672
petrin,0.009276053272529408
brynjolfsson,0.008965124112556356
productspecif,0.008731927242576567
lowtech,0.008706016479245479
lbd,0.008498730372596778
olken,0.008395087319272425
fang,0.008395087319272425
kaufmann,0.0077732289993263206
readymix,0.00743638907602218
puga,0.007151370679380214
pierreandr,0.006918173809400425
nock,0.006451780069440846
nace,0.006374047779447583
weyl,0.005881743276156916
doraszelski,0.0057781002228325645
lucia,0.005726278696170389
vermeulen,0.00559672487951495
klett,0.0050785096128931955
gowrisankaran,0.004793491216251231
withinsector,0.004586205109602529
crosssector,0.0045602943462714415
fong,0.0045602943462714415
rysman,0.004301186712960564
ecommerc,0.004145722132974037
miravet,0.004042079079649687
varan,0.003808882209669897
notebook,0.0037829714463388092
factbook,0.0037829714463388092
jarmin,0.0034202207597035807
hossain,0.00331657770637923
collardwexl,0.0032388454163859667
gmc,0.003212934653054879
krizan,0.0030056485464061773
biesebroeck,0.0029020054930818263
technologyskil,0.0028760947297507386
uijt,0.0028501839664196505
plantyear,0.0027206301497642122
herfindahlhirschman,0.00251334404311551
topdown,0.00251334404311551
penetra,0.0024874332797844225
betweenfirm,0.002409700989791159
salesweight,0.0022801471731357208
lorin,0.0021765041198113697
wanger,0.0019692180131626676
chiara,0.0017619319065139659
aisl,0.0017619319065139659
hussein,0.001554645799865264
